<?xml version='1.0' encoding='utf-8' standalone='no'?>
<wheel xmlns:xsi="http://www.w3.org/2001/XMLSchema-instance" xsi:noNamespaceSchemaLocation="../../../../../../shared/xml/schema/wheel.xsd">
    <brand>CONTINENTAL</brand>
    <name>TractorMaster</name>
    <default>
        <physics radius="0.783" width="0.54" mass="0.267" tireType="mud" frictionScale="1.60" maxLongStiffness="9" maxLatStiffness="110" maxLatStiffnessLoad="2"/>
        <tire filename="$data/shared/wheels/tires/continental/tractorMaster/R34_tractorMaster.i3d" nodeLeft="0|0" nodeRight="0|0" maxDeformation="0.07" sideDeformOffset="0.967" isCareWheel="false" tireTrackAtlasIndex="0"/>
        <outerRim filename="$data/shared/wheels/rims/rim001.i3d" node="1|0" widthAndDiam="16 34"/>
        <innerRim filename="$data/shared/wheels/rims/rim003.i3d" nodeLeft="1|0" nodeRight="1|1" scale="0.85 0.85 0.85"/>
    </default>
    <configurations>
        <configuration id="dual">
            <innerRim filename="-"/>
        </configuration>
        <configuration id="rim1">
            <innerRim filename="$data/shared/wheels/rims/rim001.i3d" nodeLeft="2|0" nodeRight="2|1"/>
        </configuration>
    </configurations>
</wheel>
