<?xml version="1.0" encoding="utf-8" standalone="no" ?>
<wheel xmlns:xsi="http://www.w3.org/2001/XMLSchema-instance" xsi:noNamespaceSchemaLocation="../../../../../../shared/xml/schema/wheel.xsd">
    <brand>MITAS</brand>
    <name>HC 2000</name>
    <default>
        <physics radius="0.756" width="0.386" mass="0.213" tireType="mud" frictionScale="1.60" maxLongStiffness="8" maxLatStiffness="100" maxLatStiffnessLoad="2" />
        <tire filename="$data/shared/wheels/tires/mitas/HC2000/R34_HC2000.i3d" nodeLeft="0|0" nodeRight="0|0" maxDeformation="0.061" sideDeformOffset="0.977" isCareWheel="false" tireTrackAtlasIndex="0" />
        <outerRim filename="$data/shared/wheels/rims/rim001.i3d" node="1|0" widthAndDiam="13 34" />
        <innerRim filename="$data/shared/wheels/rims/rim003.i3d" nodeLeft="0|0" nodeRight="0|1" scale="0.85 0.85 0.85"/>
    </default>
    <configurations>
        <configuration id="dual" >
            <innerRim filename="-" />
        </configuration>
        <configuration id="rim3" >
            <innerRim filename="$data/shared/wheels/rims/rim003.i3d" nodeLeft="1|0" nodeRight="1|1" widthAndDiam="12 35.3" />
        </configuration>
    </configurations>
</wheel>
