﻿<?xml version="1.0" encoding="utf-8" standalone="no" ?>
<modDesc descVersion="65">
    <author>T0b19am1ng</author>
    <version>1.0.1.0</version>
    <title>
        <en>Eicher 2090T</en>
    </title>
    <description>
<en><![CDATA[Eicher 2090T
Power: 70-100hp
Price: 45.000$

Engine configuration:
- Eicher 2070
- Eicher 2080
- Eicher 2090T
- Eicher 2100T
- Eicher 2100T Turned Up

Configurations:
- Tyre selection from all manufacturers
- Rotating beacon selectable
- Fender
- SimpleIc
- Global Positioning System

Changelog 1.0.1.0:
- Added SimpleIc
- Fender removable
- Rotating beacon attachable
- GPS with receiver
- Tire selection expanded
- Minor i3d changes]]>
</en>
<de><![CDATA[Eicher 2090T
Leistung: 70-100PS
Preis: 45.000€

Motorkonfiguration:
- Eicher 2070
- Eicher 2080
- Eicher 2090T
- Eicher 2100T
- Eicher 2100T Aufgedreht

Konfigurationen:
- Reifenauswahl sämtlicher Hersteller
- RUL wählbar
- Kotflügel
- SimpleIc
- GlobalPositioningSystem

Changelog 1.0.1.0:
- SimpleIC hinzugefügt
- Kotflügel Abbaubar
- RUL anbaubar
- GPS mit Empfänger
- Reifenauswahl erweitert
- Kleinere I3d-Änderungen]]>
</de>
<fr><![CDATA[Eicher 2090T
Puissance: 70-100cv
Prix: 45.000€

Configuration moteur :
- Eicher 2070
- Eicher 2080
- Eicher 2090T
- Eicher 2100T
- Eicher 2100T Tourné Vers Le Haut

Paramétrage :
- Sélection de pneus de tous les fabricants
- Gyrophare sélectionnable
- Aile
- SimpleIc
- Système de positionnement global

Journal des modifications 1.0.1.0:
- Ajout de SimpleIc
- Garde-boue amovible
- Attachable Gyrophare
- GPS avec récepteur
- Sélection de pneus élargie
- Modifications mineures d'i3d]]>
</fr>
</description>
    <iconFilename>icon_eicher2090T.png</iconFilename>
    <multiplayer supported="true" />
	
	<l10n>			
		<text name="configuration_2100T(Boost)">
		    <en>2100T (Turned Up)</en>
            <de>2100T (Aufgedreht)</de>
            <fr>2100T (Tourné Vers Le Haut)</fr>			
        </text>
		<text name="configuration_beacon_light">
		    <en>Beacons</en>
            <de>Rundumleuchten</de>
            <fr>Balises</fr>			
        </text>
		<text name="configuration_fender">
		    <en>Fender</en>
            <de>Kotflügel</de>
            <fr>Aile</fr>			
        </text>
		<text name="configuration_no_fender">
		    <en>Without fenders</en>
            <de>Ohne Kotflügel</de>
            <fr>Sans ailes</fr>			
        </text>
		<text name="configuration_extra_lights">
		    <en>Additional lighting</en>
            <de>Zusatzbeleuchtung</de>
            <fr>Éclairage supplémentaire</fr>			
        </text>
		<text name="configuration_side_lights">
		    <en>Side lights</en>
            <de>Seitenlichter</de>
            <fr>Feux de position</fr>			
        </text>
		<text name="configuration_exhaust">
		    <en>Exhaust</en>
            <de>Auspuff</de>
            <fr>Échappement</fr>			
        </text>
		<text name="configuration_reversed">
		    <en>Turned</en>
            <de>Gedreht</de>
            <fr>Tourné</fr>			
        </text>
    </l10n>

    <storeItems>
        <storeItem xmlFilename="eicher2090T.xml"/>
    </storeItems>
	
	<brandColors>
	    <color name="EICHER_BLUE" value="0.078 0.239 0.517 0"/>
		<color name="EICHER_RED" value="1.0 0.05 0 0"/>
    </brandColors>

    <brands>
		<brand name="EICHER" title="Eicher" image="brand_eicher.png"/>
		<brand name="MP_LIFT" title="MP-Lift" image="brand_mp_lift.png"/>
    </brands>
</modDesc>
