<?xml version="1.0" encoding="utf-8" standalone="no" ?>
<sounds xmlns:xsi="http://www.w3.org/2001/XMLSchema-instance" xsi:noNamespaceSchemaLocation="../../../../../shared/xml/schema/vehicle_sounds.xsd">
    <motorized>
        <sounds>
            <motorStart template="SMALL_TRACTOR_MOTOR_START" file="sounds/huerlimann_h488_start.wav" volumeScale="2.2" innerRadius="23.5" outerRadius="110.0"/>
			
            <motorStop template="SMALL_TRACTOR_MOTOR_STOP" file="sounds/huerlimann_h488_stop.wav" volumeScale="2.2" innerRadius="23.5" outerRadius="110.0"/>
			
            <motor template="SMALL_TRACTOR_MOTOR_IDLE" file="sounds/huerlimann_h488_idle_loop.wav" volumeScale="2.2" innerRadius="23.5" outerRadius="110.0"/>
			 
            <motor template="SMALL_TRACTOR_MOTOR_OFFLOAD_RUN" file="sounds/huerlimann_h488_run_loop.wav" volumeScale="2.2" innerRadius="23.5" outerRadius="110.0"/>
			
            <motor template="SMALL_TRACTOR_MOTOR_ONLOAD_RUN" file="sounds/huerlimann_h488_load_loop.wav" volumeScale="2.2" innerRadius="23.5" outerRadius="110.0"/>
			
			<motor template="indoorCabinRumble" />	
			
			<gearLeverStart template="gearDisengaged"/>
            <gearLeverEnd template="gearEngaged"/>    
			
            <gearbox template="transmissionSmall" file="$data/sounds/vehicles/transmission/transmissionLoop.wav" pitchScale="0.7" volumeScale="0.30"/>
			
			<compressedAir template="compressedAir"/>
            <airCompressorRun template="brakeCompressorSmall" />
            <airCompressorStop template="compressedAir"/>
	    </sounds>
	</motorized>   

    <lights>
        <sounds>
            <toggleLights template="SWITCH_01" />
			<turnLight template="SWITCH_TURNLIGHT"/>
        </sounds>
    </lights>

    <attacherJoints>
        <sounds>
            <attach template="ATTACH_01" />
            <hydraulic template="defaultHydraulicSound" />
        </sounds>
    </attacherJoints>

    <drivable>
        <sounds>
            <waterSplash template="WATER_SPLASH_01" />
        </sounds>
    </drivable>

    <honk>
        <sound template="HONK_JD6250R" />
    </honk>	
</sounds>
