<?xml version="1.0" encoding="utf-8" standalone="no" ?>
<wheel xmlns:xsi="http://www.w3.org/2001/XMLSchema-instance" xsi:noNamespaceSchemaLocation="../../../../../../shared/xml/schema/wheel.xsd">
    <brand>NOKIAN</brand>
    <name>TRI 2</name>
    <default>
        <physics radius="0.578" width="0.42" mass="0.113" tireType="street" frictionScale="1.60" maxLongStiffness="8" maxLatStiffness="100" maxLatStiffnessLoad="2" />
        <tire filename="$data/shared/wheels/tires/nokian/TRI2/R24_TRI2.i3d" nodeLeft="4|0" nodeRight="4|0" maxDeformation="0.055" sideDeformOffset="0.961" isCareWheel="false" tireTrackAtlasIndex="8" />
        <outerRim filename="$data/shared/wheels/rims/rim001.i3d" node="1|0" widthAndDiam="13 24" />
        <innerRim filename="$data/shared/wheels/rims/rim003.i3d" nodeLeft="1|0" nodeRight="1|1" scale="0.57 0.57 0.57" />
    </default>
</wheel>
