<?xml version="1.0" encoding="utf-8" standalone="no" ?>
<wheel xmlns:xsi="http://www.w3.org/2001/XMLSchema-instance" xsi:noNamespaceSchemaLocation="../../../../../../shared/xml/schema/wheel.xsd">
    <brand>NOKIAN</brand>
    <name>TRI 2</name>
    <default>
        <physics radius="0.732" width="0.44" mass="0.157" tireType="street" frictionScale="1.60" maxLongStiffness="8" maxLatStiffness="100" maxLatStiffnessLoad="2" />
        <tire filename="$data/shared/wheels/tires/nokian/TRI2/R30_TRI2.i3d" nodeLeft="2|0" nodeRight="2|0" maxDeformation="0.07" sideDeformOffset="0.961" isCareWheel="false" tireTrackAtlasIndex="8" />
        <outerRim filename="$data/shared/wheels/rims/rim001.i3d" node="1|0" widthAndDiam="18 30" />
        <innerRim filename="$data/shared/wheels/rims/rim003.i3d" nodeLeft="1|0" nodeRight="1|1" widthAndDiam="18 30" />
    </default>
    <configurations>
        <configuration id="dual" >
            <innerRim filename="-" />
        </configuration>
        <configuration id="rim3" >
            <innerRim filename="$data/shared/wheels/rims/rim003.i3d" nodeLeft="1|0" nodeRight="1|1" />
        </configuration>
        <configuration id="rim4" >
            <innerRim filename="$data/shared/wheels/rims/rim004.i3d" nodeLeft="1|0" nodeRight="1|1" />
        </configuration>
    </configurations>
</wheel>
