<?xml version="1.0" encoding="utf-8" standalone="no" ?>
<wheel xmlns:xsi="http://www.w3.org/2001/XMLSchema-instance" xsi:noNamespaceSchemaLocation="../../../../../../shared/xml/schema/wheel.xsd">
    <brand>MICHELIN</brand>
    <name>YIELDBIB</name>
    <default>
        <physics radius="0.755" width="0.38" mass="0.151" tireType="mud" frictionScale="1.60" maxLongStiffness="8" maxLatStiffness="100" maxLatStiffnessLoad="2" />
        <tire filename="$data/shared/wheels/tires/michelin/yieldBib/R34_yieldBib.i3d" nodeLeft="0|0" nodeRight="0|0" maxDeformation="0.065" sideDeformOffset="0.976" isCareWheel="true" tireTrackAtlasIndex="0" />
        <outerRim filename="$data/shared/wheels/rims/rim001.i3d" node="0|0" widthAndDiam="13 34" />
        <innerRim filename="$data/shared/wheels/rims/rim003.i3d" nodeLeft="0|0" nodeRight="0|1" scale="0.85 0.85 0.85"/>
    </default>
    <configurations>
        <configuration id="dual" >
            <innerRim filename="-" />
        </configuration>
    </configurations>
</wheel>
