<?xml version='1.0' encoding='utf-8' standalone='no'?>
<wheel xmlns:xsi="http://www.w3.org/2001/XMLSchema-instance" xsi:noNamespaceSchemaLocation="../../../../../../shared/xml/schema/wheel.xsd">
    <brand>BKT</brand>
    <name>AGRIMAX FORCE</name>
    <default>
        <physics radius="0.795" width="0.708" mass="0.294" tireType="mud" frictionScale="1.60" maxLongStiffness="11" maxLatStiffness="130" maxLatStiffnessLoad="2"/>
        <tire filename="$data/shared/wheels/tires/bkt/agrimaxForce/R30_agrimaxForce.i3d" nodeLeft="3|0" nodeRight="3|0" maxDeformation="0.083" sideDeformOffset="0.984" isCareWheel="false" tireTrackAtlasIndex="0"/>
        <outerRim filename="$data/shared/wheels/rims/rim001.i3d" node="1|0" widthAndDiam="25 30"/>
        <innerRim filename="$data/shared/wheels/rims/rim003.i3d" nodeLeft="1|0" nodeRight="1|1" widthAndDiam="23 30"/>
    </default>
</wheel>
